CompanyName,Phone,Fax,WebSite,Account_type,Account_Industries,Description,AccountSite,AcountNumber,AnnualRevenue,Ownership,Employees,AccountOwner,Billingstreet,Shippingstreet,Billingcity,Shippingcity,Billingstate,Shippingstate,Billingzip,Shippingzip,Billingcountry,Shippingcountry,SalesMgr1,SalesMgr2,Account_office,PhoneExt,MailingAddress,BillingAddress,ReferredBy
AD.F. Adutosalee,(859) 292-4000,,www.cobbinc.com,,Agriculture,,www.Eliteres.com,,,Eliteres,,,,Granite Park III,,Chicago,AA,AR,23333-3333,23333-3333,USA,USA,,,,,8150 North Central Expressway,401 E 20th St,
ADade dMoellerss,(859) 578-4200,,www.egcconst.com,,Agriculture,,www.Eliteres.com,,,Eliteres,,,,Granite Park III,,Chicago,AA,AR,23333-3333,23333-3333,USA,USA,,,,,1128 Main St Ste 300,1014 Vine St Ste 1000,
AData dRealizee,(859) 578-4200,,www.egcconst.com,,Agriculture,,www.Eliteres.com,,,Eliteres,,,,Granite Park III,,Chicago,AA,AR,23333-3333,23333-3333,USA,USA,,,,,525 Vine St Ste 1700,525 Vine St Ste 1700,
Adataldogixss,(111) 111-1111,(222) 222-2222,www.Eliteres.com,Analyst,Agriculture,hi Elite,www.Eliteres.com,2222223330,,Eliteres,,,hyd,Granite Park III,jublihills,Chicago,AA,AR,23333-3333,23333-3333,USA,USA,,,,,1 W 4th St Ste 200,720 E Pete Rose Way Ste 120,Yellow Pages
ADave Yroung For Coloradoss,(859) 292-4000,,www.Eliteres.com,,Agriculture,,www.Eliteres.com,,,Eliteres,,,,Suite 500,,Chicago,AA,AR,23333-3333,23333-3333,USA,USA,,,,,10290 Alliance Rd,312 Walnut St Ste 2800,
ADavidr Blair Consultingss,(859) 292-4000,,www.Eliteres.com,,Agriculture,,www.Eliteres.com,,,Eliteres,,,,Suite 500,,Chicago,AA,AR,23333-3333,23333-3333,USA,USA,,,,,10816 Millington Ct Ste 102,221 E 4th St Ste 600,
ADavissrTalent Searchh,(859) 292-4000,,www.Eliteres.com,,Agriculture,,www.Eliteres.com,,,Eliteres,,,,Suite 500,,Chicago,AA,AR,23333-3333,23333-3333,USA,USA,,,,,4440 Creek Rd,1 W 4th St Ste 200,
ADaVitraaa,(859) 292-4000,,www.Eliteres.com,,Agriculture,,www.Eliteres.com,,,Eliteres,,,,Granite Park III,,Chicago,AA,AR,23333-3333,23333-3333,USA,USA,,,,,8150 North Central Expressway,401 E 20th St,Email
ADaVitra Healthcare Partnerr,(859) 292-4000,,www.Eliteres.com,,Agriculture,,www.Eliteres.com,,,Eliteres,,,,Granite Park III,,Chicago,AA,AR,23333-3333,23333-3333,USA,USA,,,,,5570 Creek Rd,19 Garfield Pl Fl 3,Email
ADCP Mridstreamss,(859) 292-4000,,www.Eliteres.com,,Agriculture,,www.Eliteres.com,,,Eliteres,,,,Granite Park III,,Chicago,AA,AR,23333-3333,23333-3333,USA,USA,,,,,8150 North Central Expressway,10300 Alliance Rd,Email
ADCTs Irndustriall,(859) 292-4000,,www.Eliteres.com,,Agriculture,,www.Eliteres.com,,,Eliteres,,,,Granite Park III,,Chicago,AA,AR,23333-3333,23333-3333,USA,USA,,,,,525 Vine St Ste 1925,4720 Glendale Milford Rd,Email
ADearbrorn Nationals Worksite & Individual Solutionss,(859) 292-4000,,www.Eliteres.com,,Agriculture,,www.Eliteres.com,,,Eliteres,,,,Granite Park III,,Chicago,AA,AR,23333-3333,23333-3333,USA,USA,,,,,312 Walnut St Ste 2800,4440 Creek Rd,Email
ADecisirons Lenss,(859) 292-4000,,www.Eliteres.com,,Agriculture,,www.Eliteres.com,,,Eliteres,,,,Granite Park III,,Chicago,AA,AR,23333-3333,23333-3333,USA,USA,,,,,312 Walnut St Fl 35,5570 Creek Rd,Email
ADeckerrs Brandd,(859) 292-4000,,www.Eliteres.com,,Agriculture,,www.Eliteres.com,,,Eliteres,,,,Granite Park III,,Chicago,AA,AR,23333-3333,23333-3333,USA,USA,,,,,19 Garfield Pl Fl 3,525 Vine St Ste 1925,Email
